{"accuracy": 0.868440903642712, "f1_weighted": 0.8539603418625255, "f1_micro": 0.868440903642712, "f1_macro": 0.8529492870594566}