{"threshold": 0.2896592301118485, "tpr@fpr_threshold": 0.008504369429957692}