{"accuracy": 0.9117522440524763, "f1_weighted": 0.8989719056287382, "f1_micro": 0.9117522440524763, "f1_macro": 0.9014005602240897}