{"accuracy": 0.7542341966751784, "f1_weighted": 0.7356814978323394, "f1_micro": 0.7542341966751784, "f1_macro": 0.7333266074791499}