{"accuracy": 0.8343422114608554, "f1_weighted": 0.8292862426337003, "f1_micro": 0.8343422114608554, "f1_macro": 0.8285077446094394}