{"accuracy": 0.8655530098549997, "f1_weighted": 0.8552421379699957, "f1_micro": 0.8655530098549997, "f1_macro": 0.8523692810457517}